<?xml version="1.0" encoding="utf-8"?>
<!--
   Licensed to the Apache Software Foundation (ASF) under one or more
   contributor license agreements.  See the NOTICE file distributed with
   this work for additional information regarding copyright ownership.
   The ASF licenses this file to You under the Apache License, Version 2.0
   (the "License"); you may not use this file except in compliance with
   the License.  You may obtain a copy of the License at

       http://www.apache.org/licenses/LICENSE-2.0

   Unless required by applicable law or agreed to in writing, software
   distributed under the License is distributed on an "AS IS" BASIS,
   WITHOUT WARRANTIES OR CONDITIONS OF ANY KIND, either express or implied.
   See the License for the specific language governing permissions and
   limitations under the License.
-->

<project xmlns="http://maven.apache.org/POM/4.0.0" xmlns:xsi="http://www.w3.org/2001/XMLSchema-instance" xsi:schemaLocation="http://maven.apache.org/POM/4.0.0 http://maven.apache.org/maven-v4_0_0.xsd">
  <modelVersion>4.0.0</modelVersion>
  <groupId>org.apache.jena</groupId>
  <artifactId>jena-csv</artifactId>
  <packaging>jar</packaging>
  <name>Apache Jena - Data Tables for SPARQL</name>
  <version>1.0.0</version>

  <parent>
    <groupId>org.apache.jena</groupId>
    <artifactId>jena-parent</artifactId>
    <version>10</version>
    <relativePath />
  </parent>
  
  
    <!-- Need if the parent is a snapshot -->
  <repositories>
    <repository>
      <id>apache.snapshots</id>
      <name>Apache Snapshot Repository</name>
      <url>http://repository.apache.org/snapshots</url>
      <releases>
	<enabled>false</enabled>
      </releases>
    </repository>
  </repositories>
  
  <description>jena-csv is for getting CSVs into a form that is amenable to Jena SPARQL processing, and doing so in a way that is not specific to CSV files. It includes getting the right architecture in place for regular table shaped data, using the core abstraction of PropertyTable.</description> 
  
  <scm>
    <connection>scm:svn:https://svn.apache.org/repos/asf/jena/tags/jena-csv-1.0.0</connection>
    <developerConnection>scm:svn:https://svn.apache.org/repos/asf/jena/tags/jena-csv-1.0.0</developerConnection>
    <url>https://svn.apache.org/repos/asf/jena/tags/jena-csv-1.0.0</url>
  </scm>
  
  <properties>
    <maven.build.timestamp.format>yyyy-MM-dd'T'HH:mm:ssZ</maven.build.timestamp.format>
    <build.time.xsd>${maven.build.timestamp}</build.time.xsd>
  </properties>

  <dependencies>

    <!-- All Jena libs -->
    <dependency>
      <groupId>org.apache.jena</groupId>
      <artifactId>apache-jena-libs</artifactId>
      <version>2.12.0</version>
      <type>pom</type>
    </dependency>
    
    <!-- Google Code Guava -->
    <dependency>
	  <groupId>com.google.guava</groupId>
	  <artifactId>guava</artifactId>
	  <version>17.0</version>
    </dependency>
	
    <!-- Testing support -->
    <dependency>
      <groupId>org.apache.jena</groupId>
      <artifactId>jena-arq</artifactId>
      <version>2.12.0</version>
      <type>jar</type>
      <classifier>tests</classifier>
      <scope>test</scope>
    </dependency>
    
    <dependency>
      <groupId>junit</groupId>
      <artifactId>junit</artifactId>
      <scope>test</scope>
    </dependency>
  </dependencies>
  
  

  <build>
    <plugins>
      <plugin>
	<groupId>org.apache.maven.plugins</groupId>
	<artifactId>maven-compiler-plugin</artifactId>
      </plugin>

      <plugin>
	<groupId>org.apache.maven.plugins</groupId>
	<artifactId>maven-surefire-plugin</artifactId>
	<configuration>
	  <systemPropertyVariables>
	    <log4j.configuration>file:src/test/resources/log4j.properties</log4j.configuration>
	  </systemPropertyVariables>

	  <includes>
	    <include>**/TS_*.java</include>
	  </includes>
	</configuration>
      </plugin>

      <plugin>
	<groupId>org.apache.maven.plugins</groupId>
	<artifactId>maven-jar-plugin</artifactId>
      </plugin>

      <plugin>
	<groupId>org.apache.maven.plugins</groupId>
	<artifactId>maven-source-plugin</artifactId>
	<executions>
	  <execution>
	    <id>attach-sources</id>
	    <goals>
	      <goal>jar-no-fork</goal>
	    </goals>
	  </execution>
	  <!-- Only material in the main jar <execution> <id>attach-sources-test</id> 
	       <goals> <goal>test-jar-no-fork</goal> </goals> </execution> -->
	</executions>
      </plugin>

      <plugin>
	<groupId>org.apache.maven.plugins</groupId>
	<artifactId>maven-javadoc-plugin</artifactId>
	<configuration>
	  <version>true</version>
	  <show>public</show>
	  <quiet>true</quiet>
	  <encoding>UTF-8</encoding>
	  <windowtitle>${project.name} ${project.version}</windowtitle>
	  <doctitle>${project.name} ${project.version}</doctitle>
	  <bottom>Licenced under the Apache License, Version 2.0</bottom>
	</configuration>
      </plugin>

      <plugin>
	<groupId>org.apache.maven.plugins</groupId>
	<artifactId>maven-resources-plugin</artifactId>
	<configuration>
	  <encoding>UTF-8</encoding>
	</configuration>
      </plugin>

      <plugin>
	<groupId>org.apache.maven.plugins</groupId>
	<artifactId>maven-dependency-plugin</artifactId>
	<configuration>
	  <overWriteReleases>false</overWriteReleases>
	  <overWriteIfNewer>true</overWriteIfNewer>
	</configuration>
      </plugin>
      <plugin>
	<groupId>org.apache.maven.plugins</groupId>
	<artifactId>maven-eclipse-plugin</artifactId>
	<configuration>
	  <!-- By default, have separate Eclipse and maven build areas -->
	  <buildOutputDirectory>${project.build.directory}/classes</buildOutputDirectory>
	  <downloadSources>true</downloadSources>
	  <downloadJavadocs>false</downloadJavadocs>
	</configuration>
      </plugin>

      <plugin>
	<groupId>org.apache.maven.plugins</groupId>
	<artifactId>maven-release-plugin</artifactId>
    <configuration>
	  <tagBase>https://svn.apache.org/repos/asf/jena/tags/</tagBase>  
	</configuration>
      </plugin>
    </plugins>

  </build>
   
</project>
