<!--
  Licensed to the Apache Software Foundation (ASF) under one
  or more contributor license agreements. See the NOTICE file
  distributed with this work for additional information
  regarding copyright ownership. The ASF licenses this file
  to you under the Apache License, Version 2.0 (the
  "License"); you may not use this file except in compliance
  with the License. You may obtain a copy of the License at

  http://www.apache.org/licenses/LICENSE-2.0

  Unless required by applicable law or agreed to in writing,
  software distributed under the License is distributed on an
  "AS IS" BASIS, WITHOUT WARRANTIES OR CONDITIONS OF ANY
  KIND, either express or implied. See the License for the
  specific language governing permissions and limitations
  under the License.
-->
<project xmlns="http://maven.apache.org/POM/4.0.0" xmlns:xsi="http://www.w3.org/2001/XMLSchema-instance" xsi:schemaLocation="http://maven.apache.org/POM/4.0.0 http://maven.apache.org/maven-v4_0_0.xsd">

    <modelVersion>4.0.0</modelVersion>
    <groupId>org.apache.cxf</groupId>
    <artifactId>cxf</artifactId>
    <version>2.6.4</version>
    <name>Apache CXF</name>
    <description>Apache CXF is an open-source services framework that aids in 
    the development of services using front-end programming APIs, like JAX-WS 
    and JAX-RS.</description>
    <url>http://cxf.apache.org</url>

    <packaging>pom</packaging>

    <scm>
        <connection>scm:svn:http://svn.apache.org/repos/asf/cxf/tags/cxf-2.6.4</connection>
        <developerConnection>scm:svn:https://svn.apache.org/repos/asf/cxf/tags/cxf-2.6.4</developerConnection>
    </scm>
    <issueManagement>
        <system>jira</system>
        <url>https://issues.apache.org/jira/browse/CXF</url>
    </issueManagement>

    <prerequisites>
        <maven>3.0</maven>
    </prerequisites>

    <properties>
        <cxf.compiler.fork>false</cxf.compiler.fork>
        <cxf.build-utils.version>2.5.0</cxf.build-utils.version>
        <cxf.xjc-utils.version>2.6.1</cxf.xjc-utils.version>
        <cxf.jdk.version>1.6</cxf.jdk.version>
        <project.build.sourceEncoding>UTF-8</project.build.sourceEncoding>
        <site.deploy.url>scp://people.apache.org/www/cxf.apache.org/maven-site</site.deploy.url>
    </properties>

    <distributionManagement>
        <repository>
            <id>apache.releases.https</id>
            <name>Apache Release Distribution Repository</name>
            <url>https://repository.apache.org/service/local/staging/deploy/maven2</url>
        </repository>
        <snapshotRepository>
            <id>apache.snapshots.https</id>
            <name>Apache Development Snapshot Repository</name>
            <url>https://repository.apache.org/content/repositories/snapshots</url>
            <!--uniqueVersion>false</uniqueVersion-->
        </snapshotRepository>
        <site>
	  <id>apache.cxf.site</id>
	  <url>${site.deploy.url}</url>
        </site>
    </distributionManagement>
    <repositories>
          <repository>
              <id>apache.snapshots</id>
              <url>http://repository.apache.org/snapshots/</url>
              <name>Apache Snapshot Repo</name>
             <snapshots>
                 <enabled>true</enabled>
             </snapshots>
             <releases>
                 <enabled>false</enabled>
             </releases>
         </repository> 
     </repositories>
    <pluginRepositories>
         <pluginRepository>
             <id>apache.snapshots</id>
             <url>http://repository.apache.org/snapshots/</url>
             <snapshots>
                 <enabled>true</enabled>
             </snapshots>
             <releases>
                 <enabled>false</enabled>
             </releases>
         </pluginRepository>
     </pluginRepositories>

    <inceptionYear>2006</inceptionYear>
    <mailingLists>
        <mailingList>
            <name>Apache CXF User List</name>
            <subscribe>users-subscribe@cxf.apache.org</subscribe>
            <unsubscribe>users-unsubscribe@cxf.apache.org</unsubscribe>
            <post>users@cxf.apache.org</post>
            <archive>http://mail-archives.apache.org/mod_mbox/cxf-users</archive>
        </mailingList>
        <mailingList>
            <name>Apache CXF Developer List</name>
            <subscribe>dev-subscribe@cxf.apache.org</subscribe>
            <unsubscribe>dev-unsubscribe@cxf.apache.org</unsubscribe>
            <post>dev@cxf.apache.org</post>
            <archive>http://mail-archives.apache.org/mod_mbox/cxf-dev</archive>
        </mailingList>
        <mailingList>
            <name>Apache CXF Commits List</name>
            <subscribe>commits-subscribe@cxf.apache.org</subscribe>
            <unsubscribe>commits-unsubscribe@cxf.apache.org</unsubscribe>
            <post>commits@cxf.apache.org</post>
            <archive>http://mail-archives.apache.org/mod_mbox/cxf-commits</archive>
        </mailingList>
        <mailingList>
            <name>Apache CXF Issues List</name>
            <subscribe>issues-subscribe@cxf.apache.org</subscribe>
            <unsubscribe>issues-unsubscribe@cxf.apache.org</unsubscribe>
            <post>issues@cxf.apache.org</post>
            <archive>http://mail-archives.apache.org/mod_mbox/cxf-issues</archive>
        </mailingList>
        <mailingList>
            <name>Apache CXF Build Notifications List</name>
            <subscribe>notifications-subscribe@cxf.apache.org</subscribe>
            <unsubscribe>notifications-unsubscribe@cxf.apache.org</unsubscribe>
            <post>notifications@cxf.apache.org</post>
            <archive>http://mail-archives.apache.org/mod_mbox/cxf-notifications</archive>
        </mailingList>
    </mailingLists>

    <developers>
        <developer>
            <name>The Apache CXF Team</name>
            <email>dev@cxf.apache.org</email>
            <url>http://cxf.apache.org</url>
            <organization>Apache Software Foundation</organization>
            <organizationUrl>http://apache.org/</organizationUrl>
            <properties>
                <picUrl>http://cxf.apache.org/images/cxf.png</picUrl>
            </properties>
        </developer>
    </developers>
   
    <ciManagement>
        <system>Hudson</system>
        <url>http://hudson.zones.apache.org/hudson/view/CXF/</url>
        <notifiers>
            <notifier>
                <type>mail</type>
                <configuration>
                    <address>notifications@cxf.apache.org</address>
                </configuration>
            </notifier>
        </notifiers>
    </ciManagement>
    <licenses>
        <license>
            <name>The Apache Software License, Version 2.0</name>
            <url>http://www.apache.org/licenses/LICENSE-2.0.txt</url>
            <distribution>repo</distribution>
        </license>
    </licenses>
    <organization>
        <name>The Apache Software Foundation</name>
        <url>http://www.apache.org/</url>
    </organization>

    <modules>
        <module>parent</module>
        <module>common</module>
        <module>api</module>
        <module>tools</module>
        <module>testutils</module>
        <module>rt</module>
        <module>integration</module>
        <module>maven-plugins</module>
        <module>services</module>
        <module>osgi/karaf</module>
        <module>osgi/bundle</module>
        <module>systests</module>
    </modules>


    <profiles>
        <profile>
            <!-- default profile enables checkstyle and Xlint stuff -->
            <id>everything</id>
            <modules>
                <module>distribution</module>
            </modules>
        </profile>
        <profile>
            <!-- default profile enables checkstyle and Xlint stuff -->
            <id>rat</id>
            <build>
                <plugins>
                    <plugin>
                        <groupId>org.apache.rat</groupId>
                        <artifactId>apache-rat-plugin</artifactId>
                        <inherited>false</inherited>
                        <executions>
                          <execution>
                            <phase>verify</phase>
                            <goals>
                              <goal>check</goal>
                            </goals>
                          </execution>
                        </executions>
                    </plugin>
                </plugins>
            </build>
        </profile>
        <profile>
            <id>setup.eclipse</id>
            <properties>
                <eclipse.workspace.dir>${basedir}/../workspace</eclipse.workspace.dir>
            </properties>
            <build>
                <defaultGoal>process-test-sources</defaultGoal>
                <pluginManagement>
                    <plugins>
                        <plugin>
                            <groupId>org.apache.maven.plugins</groupId>
                            <artifactId>maven-compiler-plugin</artifactId>
                            <version>2.5.1</version>
                            <configuration>
                                <source>${cxf.jdk.version}</source>
                                <target>${cxf.jdk.version}</target>
                                <maxmem>256M</maxmem>
                                <fork>${cxf.compiler.fork}</fork>
                            </configuration>
                        </plugin>
                    </plugins>
                </pluginManagement>
                <plugins>
                    <plugin>
                        <groupId>org.apache.maven.plugins</groupId>
                        <artifactId>maven-eclipse-plugin</artifactId>
                        <inherited>false</inherited>
                        <executions>
                            <execution>
                                <id>setup.eclipse.workspace</id>
                                <phase>process-test-sources</phase>
                                <goals>
                                    <goal>configure-workspace</goal>
                                </goals>
                            </execution>
                        </executions>
                        <configuration>
                            <workspace>${eclipse.workspace.dir}</workspace>
                            <workspaceCodeStylesURL>file:etc/eclipse/CXFCodeFormatter.xml</workspaceCodeStylesURL>
                        </configuration>
                    </plugin>
                    <plugin>
                        <groupId>org.apache.maven.plugins</groupId>
                        <artifactId>maven-antrun-plugin</artifactId>
                        <inherited>false</inherited>
                        <dependencies>
                            <dependency>
                                <groupId>org.apache.cxf.build-utils</groupId>
                                <artifactId>cxf-buildtools</artifactId>
                                <version>${cxf.build-utils.version}</version>
                                <exclusions>
                                    <exclusion>
                                        <groupId>pmd</groupId>
                                        <artifactId>pmd</artifactId>
                                    </exclusion>
                                </exclusions>
                            </dependency>
                        </dependencies>
                        <executions>
                            <execution>
                                <id>setup.workspace</id>
                                <phase>validate</phase>
                                <configuration>
                                    <target>
                                        <path id="ecp.ws.path" location="${eclipse.workspace.dir}" />
                                        <property name="full.eclipse.workspace" refid="ecp.ws.path" />

                                        <whichresource resource="/cxf-eclipse-pmd" property="pmd.url" />
                                        <whichresource resource="/cxf-pmd-ruleset.xml" property="pmdruleset.url" />
                                        <whichresource resource="/cxf-eclipse-checkstyle" property="eclipse.checkstyle.url" />
                                        <whichresource resource="/cxf-checkstyle.xml" property="checkstyle.url" />
                                        <whichresource resource="/cxf-checkstyle-corba.xml" property="corba.checkstyle.url" />

                                        <mkdir dir="${full.eclipse.workspace}/.metadata/.plugins/org.eclipse.core.runtime/.settings" />
                                        <mkdir dir="${full.eclipse.workspace}/.metadata/.plugins/com.atlassw.tools.eclipse.checkstyle" />
                                        <mkdir dir="${full.eclipse.workspace}/.metadata/.plugins/net.sourceforge.pmd.eclipse" />

                                        <get src="${checkstyle.url}" dest="${full.eclipse.workspace}/cxf-checkstyle.xml" />
                                        <get src="${corba.checkstyle.url}" dest="${full.eclipse.workspace}/cxf-checkstyle-corba.xml" />

                                        <!-- Add checkstyle config -->
                                        <copy file="${basedir}/etc/eclipse/template.checkstyle-config.xml" tofile="${full.eclipse.workspace}/.metadata/.plugins/com.atlassw.tools.eclipse.checkstyle/checkstyle-config.xml" overwrite="no">
                                            <filterset>
                                                <filter token="CHECKSTYLE_CONFIG_FILE" value="${full.eclipse.workspace}/cxf-checkstyle.xml" />
                                                <filter token="CHECKSTYLE_CORBA_CONFIG_FILE" value="${full.eclipse.workspace}/cxf-checkstyle-corba.xml" />
                                                <filter token="APACHE_HEADER_FILE" value="${full.eclipse.workspace}/apache-header.txt" />
                                            </filterset>
                                        </copy>

                                        <xslt style="${basedir}/etc/eclipse/addcheckstyle.xsl" in="${full.eclipse.workspace}/.metadata/.plugins/com.atlassw.tools.eclipse.checkstyle/checkstyle-config.xml" out="${full.eclipse.workspace}/.metadata/.plugins/com.atlassw.tools.eclipse.checkstyle/checkstyle-config.xml.new">
                                            <param name="checkstyleconfig" expression="${full.eclipse.workspace}/cxf-checkstyle.xml" />
                                            <param name="checkstyleconfigcorba" expression="${full.eclipse.workspace}/cxf-checkstyle-corba.xml" />
                                        </xslt>
                                        <copy file="${full.eclipse.workspace}/.metadata/.plugins/com.atlassw.tools.eclipse.checkstyle/checkstyle-config.xml.new" tofile="${full.eclipse.workspace}/.metadata/.plugins/com.atlassw.tools.eclipse.checkstyle/checkstyle-config.xml" overwrite="yes" />

                                        <!-- Add checkstyle config for 5.0 plugin -->
                                        <copy file="${basedir}/etc/eclipse/template.checkstyle-config.xml" tofile="${full.eclipse.workspace}/.metadata/.plugins/net.sf.eclipsecs.core/checkstyle-config.xml" overwrite="no">
                                            <filterset>
                                                <filter token="CHECKSTYLE_CONFIG_FILE" value="${full.eclipse.workspace}/cxf-checkstyle.xml" />
                                                <filter token="CHECKSTYLE_CORBA_CONFIG_FILE" value="${full.eclipse.workspace}/cxf-checkstyle-corba.xml" />
                                                <filter token="APACHE_HEADER_FILE" value="${full.eclipse.workspace}/apache-header.txt" />
                                            </filterset>
                                        </copy>

                                        <xslt style="${basedir}/etc/eclipse/addcheckstyle.xsl" in="${full.eclipse.workspace}/.metadata/.plugins/net.sf.eclipsecs.core/checkstyle-config.xml" out="${full.eclipse.workspace}/.metadata/.plugins/net.sf.eclipsecs.core/checkstyle-config.xml.new">
                                            <param name="checkstyleconfig" expression="${full.eclipse.workspace}/cxf-checkstyle.xml" />
                                            <param name="checkstyleconfigcorba" expression="${full.eclipse.workspace}/cxf-checkstyle-corba.xml" />
                                        </xslt>
                                        <copy file="${full.eclipse.workspace}/.metadata/.plugins/net.sf.eclipsecs.core/checkstyle-config.xml.new" tofile="${full.eclipse.workspace}/.metadata/.plugins/net.sf.eclipsecs.core/checkstyle-config.xml" overwrite="yes" />


                                        <!-- Add code format rules -->
                                        <loadfile property="eclipse.code.cleanup" srcFile="${basedir}/etc/eclipse/CXFCleanUp.xml" />
                                        <loadfile property="eclipse.code.templates" srcFile="${basedir}/etc/eclipse/codetemplates.xml" />
                                        <loadfile property="eclipse.xml.templates" srcFile="${basedir}/etc/eclipse/xmltemplates.xml" />
                                        <propertyfile file="${full.eclipse.workspace}/.metadata/.plugins/org.eclipse.core.runtime/.settings/org.eclipse.jdt.ui.prefs">
                                            <entry key="cleanup_profile" value="_CXF" />
                                            <entry key="org.eclipse.jdt.ui.cleanupprofiles" value="${eclipse.code.cleanup}" />
                                            <entry key="org.eclipse.jdt.ui.text.custom_code_templates" value="${eclipse.code.templates}" />

                                            <!-- Add import order -->
                                            <entry key="org.eclipse.jdt.ui.importorder" value="java;javax;org.w3c;org.xml;junit;antlr;com;net;org;org.junit;#org.junit" />
                                            <!-- Sort order -->
                                            <entry key="org.eclipse.jdt.ui.visibility.order" value="B,R,D,V," />
                                            <entry key="outlinesortoption" value="T,SF,F,SI,I,C,SM,M," />
                                            <entry key="org.eclipse.jdt.ui.enable.visibility.order" value="true" />
                                        </propertyfile>
                                        <propertyfile file="${full.eclipse.workspace}/.metadata/.plugins/org.eclipse.core.runtime/.settings/org.eclipse.wst.xml.ui.prefs">
                                            <entry key="eclipse.preferences.version" value="1" />
                                            <entry key="org.eclipse.wst.sse.ui.custom_templates" value="${eclipse.xml.templates}" />
                                        </propertyfile>
                                    </target>
                                </configuration>
                                <goals>
                                    <goal>run</goal>
                                </goals>
                            </execution>
                        </executions>
                    </plugin>
                </plugins>
            </build>
        </profile>
        <profile>
            <id>release</id>
            <build>
                <plugins>
                    <!-- We want to deploy the artifact to a staging location for perusal -->
                    <plugin>
                        <inherited>true</inherited>
                        <artifactId>maven-deploy-plugin</artifactId>
                        <version>2.5</version>
                        <configuration>
                            <altDeploymentRepository>${deploy.altRepository}</altDeploymentRepository>
                            <updateReleaseInfo>true</updateReleaseInfo>
                        </configuration>
                    </plugin>
                    <!-- We want to sign the artifact, the POM, and all attached artifacts -->
                    <plugin>
                        <artifactId>maven-gpg-plugin</artifactId>
                        <version>1.4</version>
                        <executions>
                            <execution>
                                <goals>
                                    <goal>sign</goal>
                                </goals>
                            </execution>
                        </executions>
                    </plugin>
                </plugins>
            </build>
        </profile>
        <profile>
            <id>deploy</id>
            <modules>
                <module>distribution</module>
            </modules>
            <build>
                <defaultGoal>deploy</defaultGoal>
                <plugins>
                    <plugin>
                        <groupId>org.apache.maven.plugins</groupId>
                        <artifactId>maven-source-plugin</artifactId>
                        <version>2.1.2</version>
                        <executions>
                            <execution>
                                <id>attach-sources</id>
                                <goals>
                                    <goal>jar-no-fork</goal>
                                </goals>
                            </execution>
                        </executions>
                    </plugin>
                    <plugin>
                        <groupId>org.apache.maven.plugins</groupId>
                        <artifactId>maven-javadoc-plugin</artifactId>
                        <executions>
                            <execution>
                                <id>attach-javadocs</id>
                                <goals>
                                    <goal>jar</goal>
                                </goals>
                            </execution>
                        </executions>
                    </plugin>
                </plugins>
            </build>
        </profile>
        <profile>
            <id>jdk15</id>
            <activation>
                <jdk>1.5</jdk>
            </activation>
            <properties>
                <jdk.version>1.5</jdk.version>
            </properties>
        </profile>
    <profile>
      <id>maven-3-site</id>
      <activation>
        <file>
          <!--  This employs that the basedir expression is only recognized by Maven 3.x (see MNG-2363) -->
          <exists>${basedir}</exists>
        </file>
      </activation>
      <build>
        <plugins>
          <plugin>
            <groupId>org.apache.maven.plugins</groupId>
            <artifactId>maven-site-plugin</artifactId>
            <executions>
              <execution>
                <id>attach-descriptor</id>
                <goals>
                  <goal>attach-descriptor</goal>
                </goals>
              </execution>
            </executions>
          </plugin>
        </plugins>
      </build>
    </profile>    

    </profiles>


    <build>
        <defaultGoal>install</defaultGoal>

        <pluginManagement>
            <plugins>
                <plugin>
                    <groupId>org.codehaus.mojo</groupId>
                    <artifactId>properties-maven-plugin </artifactId>
                    <version>1.0-alpha-2</version>
                </plugin>
                <plugin>
                    <groupId>org.codehaus.mojo</groupId>
                    <artifactId>build-helper-maven-plugin</artifactId>
                    <version>1.7</version>
                </plugin>
                <plugin>
                    <groupId>org.codehaus.mojo</groupId>
                    <artifactId>xmlbeans-maven-plugin</artifactId>
                    <version>2.3.3</version>
                </plugin>
                <plugin>
                    <groupId>org.apache.felix</groupId>
                    <artifactId>maven-bundle-plugin</artifactId>
                    <version>2.3.7</version>
                </plugin>
                <plugin>
                    <groupId>org.apache.maven.plugins</groupId>
                    <artifactId>maven-clean-plugin</artifactId>
                    <version>2.5</version>
                </plugin>
                <plugin>
                    <groupId>org.apache.maven.plugins</groupId>
                    <artifactId>maven-war-plugin</artifactId>
                    <version>2.2</version>
                </plugin>
                <plugin>
                    <groupId>org.apache.maven.plugins</groupId>
                    <artifactId>maven-install-plugin</artifactId>
                    <version>2.3.1</version>
                </plugin>
                <plugin>
                    <groupId>org.apache.maven.plugins</groupId>
                    <artifactId>maven-release-plugin</artifactId>
                    <version>2.3.2</version>
                    <configuration>
                        <tagBase>https://svn.apache.org/repos/asf/cxf/tags</tagBase>
                        <useReleaseProfile>false</useReleaseProfile>
                        <preparationGoals>clean install</preparationGoals>
                        <goals>deploy</goals>
                        <arguments>-Prelease,deploy</arguments>
                        <autoVersionSubmodules>true</autoVersionSubmodules>
                    </configuration>
                </plugin>
                <plugin>
                    <groupId>org.apache.maven.plugins</groupId>
                    <artifactId>maven-javadoc-plugin</artifactId>
                    <version>2.9</version>
                    <configuration>
                        <attach>true</attach>
                        <source>1.5</source>
                        <quiet>true</quiet>
                        <bottom>Apache CXF</bottom>
                        <javadocVersion>1.5</javadocVersion>
                        <encoding>UTF-8</encoding>
                        <detectOfflineLinks>false</detectOfflineLinks>
                        <notimestamp>true</notimestamp>
                        <!--subpackages>org.apache.cxf</subpackages-->
                    </configuration>
                </plugin>
                <plugin>
                    <groupId>org.apache.maven.plugins</groupId>
                    <artifactId>maven-surefire-plugin</artifactId>
                    <version>2.12.2</version>
                </plugin>
                <plugin>
                    <groupId>org.apache.maven.plugins</groupId>
                    <artifactId>maven-source-plugin</artifactId>
                    <version>2.2</version>
                </plugin>
                <plugin>
                    <groupId>org.apache.maven.plugins</groupId>
                    <artifactId>maven-compiler-plugin</artifactId>
                    <version>2.5.1</version>
                    <configuration>
                        <source>1.5</source>
                        <target>1.5</target>
                        <maxmem>256M</maxmem>
                        <fork>${cxf.compiler.fork}</fork>
                        <encoding>UTF-8</encoding>
                    </configuration>
                </plugin>
                <plugin>
                    <groupId>org.apache.maven.plugins</groupId>
                    <artifactId>maven-antrun-plugin</artifactId>
                    <version>1.7</version>
                    <dependencies>
                        <dependency>
                            <groupId>ant-contrib</groupId>
                            <artifactId>ant-contrib</artifactId>
                            <version>1.0b3</version>
                            <exclusions>
                                <exclusion>
                                    <groupId>ant</groupId>
                                    <artifactId>ant</artifactId>
                                </exclusion>
                            </exclusions>
                        </dependency>
                        <dependency>
                            <groupId>org.apache.ant</groupId>
                            <artifactId>ant-trax</artifactId>
                            <version>1.8.0</version>
                        </dependency>
                        <dependency>
                            <groupId>org.apache.ant</groupId>
                            <artifactId>ant-nodeps</artifactId>
                            <version>1.8.1</version>
                        </dependency>
                    </dependencies>
                </plugin>
                <plugin>
                    <groupId>org.apache.maven.plugins</groupId>
                    <artifactId>maven-jar-plugin</artifactId>
                    <version>2.4</version>
                </plugin>
                <plugin>
                    <groupId>org.apache.maven.plugins</groupId>
                    <artifactId>maven-resources-plugin</artifactId>
                    <version>2.6</version>
                    <configuration>
                        <encoding>UTF-8</encoding>
                    </configuration>
                </plugin>
                <plugin>
                    <groupId>org.apache.maven.plugins</groupId>
                    <artifactId>maven-assembly-plugin</artifactId>
                    <version>2.3</version>
                </plugin>

                <plugin>
                    <groupId>org.apache.maven.plugins</groupId>
                    <artifactId>maven-dependency-plugin</artifactId>
                    <version>2.5</version>
                </plugin>
                <plugin>
                    <groupId>org.apache.maven.plugins</groupId>
                    <artifactId>maven-shade-plugin</artifactId>
                    <version>1.5</version>
                    <dependencies>
                        <dependency>
                            <groupId>org.apache.cxf.build-utils</groupId>
                            <artifactId>cxf-buildtools</artifactId>
                            <version>${cxf.build-utils.version}</version>
                        </dependency>
                    </dependencies>
                </plugin>
                <plugin>
                    <groupId>org.apache.maven.plugins</groupId>
                    <artifactId>maven-deploy-plugin</artifactId>
                    <version>2.7</version>
                </plugin>
                <plugin>
                    <groupId>org.apache.maven.plugins</groupId>
                    <artifactId>maven-surefire-report-plugin</artifactId>
                    <version>2.12.2</version>
                </plugin>
                <plugin>
                    <groupId>org.apache.maven.plugins</groupId>
                    <artifactId>maven-project-info-reports-plugin</artifactId>
                    <version>2.5</version>
                </plugin>
                <plugin>
                    <groupId>org.apache.maven.plugins</groupId>
                    <artifactId>maven-plugin-plugin</artifactId>
                    <version>2.8</version>
                </plugin>
                <plugin>
                    <groupId>org.apache.maven.plugins</groupId>
                    <artifactId>maven-eclipse-plugin</artifactId>
                    <version>2.9</version>
                    <dependencies>
                        <dependency>
                            <groupId>org.apache.cxf.build-utils</groupId>
                            <artifactId>cxf-buildtools</artifactId>
                            <version>${cxf.build-utils.version}</version>
                        </dependency>
                    </dependencies>
                </plugin>
                <plugin>
                  <groupId>org.apache.rat</groupId>
                  <artifactId>apache-rat-plugin</artifactId>
                  <version>0.7</version>
                  <configuration>
                      <numUnapprovedLicenses>350</numUnapprovedLicenses>
                      <excludeSubProjects>false</excludeSubProjects>
                      <excludes>
                          <exclude>.git/**</exclude>
                          <exclude>.gitignore</exclude>
                          <exclude>velocity.log</exclude>
                          <exclude>**/target/**</exclude>
                          <exclude>distribution/**</exclude>
                          <exclude>**/jaxb.index</exclude>
                          <exclude>**/META-INF/MANIFEST</exclude>
                          <exclude>**/src/test/**/*.txt</exclude>
                          <exclude>**/.classpath</exclude>
                          <exclude>**/.settings/**/*</exclude>
                          <exclude>**/.project</exclude>
                      </excludes>
                  </configuration>
                </plugin>
                <plugin>
                    <groupId>org.apache.maven.plugins</groupId>
                    <artifactId>maven-site-plugin</artifactId>
                    <version>3.2</version>
                    <configuration>
                        <chmod>true</chmod>
                        <dependencyDetailsEnabled>false</dependencyDetailsEnabled>
                        <dependencyLocationsEnabled>false</dependencyLocationsEnabled>
                        <stagingRepositoryId>apache.cxf.site</stagingRepositoryId>
                        <stagingSiteURL>scp://people.apache.org/www/cxf.apache.org/maven-site-${project.version}</stagingSiteURL>
                    </configuration>
		    <dependencies>
		      <dependency>
			<groupId>org.apache.maven.wagon</groupId>
			<artifactId>wagon-ssh</artifactId>
			<version>2.1</version>
		      </dependency>
		    </dependencies>
                </plugin>
            </plugins>
        </pluginManagement>
    </build>

    <reporting>
        <plugins>
            <plugin>
                <artifactId>maven-site-plugin</artifactId>
                <version>3.1</version>
                <configuration>
                    <dependencyDetailsEnabled>false</dependencyDetailsEnabled>
                    <dependencyLocationsEnabled>false</dependencyLocationsEnabled>
                </configuration>
            </plugin>
            <plugin>
                <artifactId>maven-project-info-reports-plugin</artifactId>
                <version>2.5</version>
                <configuration>
                    <dependencyLocationsEnabled>false</dependencyLocationsEnabled>
                </configuration>
                <reportSets>
                    <reportSet>
                        <reports>
                            <report>summary</report>
                            <report>index</report>
                            <report>dependencies</report>
                            <report>issue-tracking</report>
                            <report>scm</report>
                        </reports>
                    </reportSet>
                </reportSets>
            </plugin>
        </plugins>
    </reporting>
</project>
