<?xml version="1.0" encoding="UTF-8"?>

<!--
   Licensed to the Apache Software Foundation (ASF) under one or more
   contributor license agreements.  See the NOTICE file distributed with
   this work for additional information regarding copyright ownership.
   The ASF licenses this file to You under the Apache License, Version 2.0
   (the "License"); you may not use this file except in compliance with
   the License.  You may obtain a copy of the License at

       http://www.apache.org/licenses/LICENSE-2.0

   Unless required by applicable law or agreed to in writing, software
   distributed under the License is distributed on an "AS IS" BASIS,
   WITHOUT WARRANTIES OR CONDITIONS OF ANY KIND, either express or implied.
   See the License for the specific language governing permissions and
   limitations under the License.
  -->

<project xmlns="http://maven.apache.org/POM/4.0.0" xmlns:xsi="http://www.w3.org/2001/XMLSchema-instance" xsi:schemaLocation="http://maven.apache.org/POM/4.0.0 http://maven.apache.org/maven-v4_0_0.xsd ">
  <modelVersion>4.0.0</modelVersion>

<!-- ====================================================================== -->
<!-- P R O J E C T  D E S C R I P T I O N                                   -->
<!-- ====================================================================== -->
  <parent>
    <groupId>org.apache.jackrabbit</groupId>
    <artifactId>jackrabbit</artifactId>
    <version>1.4</version>
  </parent>
  <artifactId>jackrabbit-core</artifactId>
  <version>1.4.12</version>
  <name>Jackrabbit Core</name>
  <description>Jackrabbit content repository implementation</description>

  <distributionManagement>
    <repository>
      <id>apache.releases.https</id>
      <name>Apache Release Distribution Repository</name>
      <url>https://repository.apache.org/service/local/staging/deploy/maven2</url>
    </repository>
  </distributionManagement>

  <scm>
    <connection>
      scm:svn:http://svn.apache.org/repos/asf/jackrabbit/tags/jackrabbit-core-1.4.12
    </connection>
    <developerConnection>
      scm:svn:https://svn.apache.org/repos/asf/jackrabbit/tags/jackrabbit-core-1.4.12
    </developerConnection>
    <url>
      http://svn.apache.org/viewvc/jackrabbit/tags/jackrabbit-core-1.4.12
    </url>
  </scm>

  <profiles>
    <profile>
      <id>jackrabbit-release</id>
      <build>
        <plugins>
          <!-- We want to sign the artifact, the POM, and all attached artifacts -->
          <plugin>
            <groupId>org.apache.maven.plugins</groupId>
            <artifactId>maven-gpg-plugin</artifactId>
            <configuration>
              <passphrase>${gpg.passphrase}</passphrase>
            </configuration>
            <executions>
              <execution>
                <goals>
                  <goal>sign</goal>
                </goals>
              </execution>
            </executions>
          </plugin>
          <!-- We want to deploy the artifact to a staging location for perusal -->
          <plugin>
            <inherited>true</inherited>
            <groupId>org.apache.maven.plugins</groupId>
            <artifactId>maven-deploy-plugin</artifactId>
            <configuration>
              <updateReleaseInfo>true</updateReleaseInfo>
            </configuration>
          </plugin>
          <plugin>
            <groupId>org.apache.maven.plugins</groupId>
            <artifactId>maven-source-plugin</artifactId>
            <executions>
              <execution>
                <id>attach-sources</id>
                <goals>
                  <goal>jar</goal>
                </goals>
              </execution>
            </executions>
          </plugin>
          <plugin>
            <groupId>org.apache.maven.plugins</groupId>
            <artifactId>maven-javadoc-plugin</artifactId>
            <configuration>
              <encoding>${project.build.sourceEncoding}</encoding>
            </configuration>
            <executions>
              <execution>
                <id>attach-javadocs</id>
                <goals>
                  <goal>jar</goal>
                </goals>
              </execution>
            </executions>
          </plugin>
        </plugins>
      </build>
    </profile>
  </profiles>

  <build>
    <plugins>
      <plugin>
        <artifactId>maven-release-plugin</artifactId>
        <version>2.0-beta-9</version>
        <configuration>
          <useReleaseProfile>false</useReleaseProfile>
          <goals>deploy</goals>
          <arguments>-Papache-release</arguments>
        </configuration>
      </plugin>
      <plugin>
        <artifactId>maven-antrun-plugin</artifactId>
        <executions>
          <execution>
            <id>delete-sources</id>
            <phase>process-sources</phase>
            <configuration>
              <tasks>
                <echo>Remove files that have been customized in Jackrabbit</echo>
                <delete>
                  <fileset dir="${project.build.directory}/generated-src/main/java/org/apache/jackrabbit/core/query">
                    <include name="sql/ASTLiteral.java" />
                    <include name="sql/ASTContainsExpression.java" />
                    <include name="sql/ASTPredicate.java" />
                    <include name="sql/ASTIdentifier.java" />
                    <include name="xpath/SimpleNode.java" />
                  </fileset>
                </delete>
              </tasks>
            </configuration>
            <goals>
              <goal>run</goal>
            </goals>
          </execution>
          <execution>
            <id>process-test-resources</id>
            <phase>process-test-resources</phase>
            <configuration>
              <tasks>
                <copy todir="${project.build.directory}/repository">
                  <fileset dir="${basedir}/src/test/repository" />
                </copy>
              </tasks>
            </configuration>
            <goals>
              <goal>run</goal>
            </goals>
          </execution>
        </executions>
        <dependencies>
          <dependency>
            <groupId>ant</groupId>
            <artifactId>ant-optional</artifactId>
            <version>1.5.3-1</version>
          </dependency>
        </dependencies>
      </plugin>
      <plugin>
        <groupId>org.codehaus.mojo</groupId>
        <artifactId>javacc-maven-plugin</artifactId>
        <version>2.1</version>
        <executions>
          <execution>
            <id>fulltext-jjtree</id>
            <configuration>
              <sourceDirectory>${basedir}/src/main/javacc/fulltext</sourceDirectory>
              <outputDirectory>${project.build.directory}/generated-src/main/java/org/apache/jackrabbit/core/query/lucene/fulltext</outputDirectory>
              <timestampDirectory>${project.build.directory}/generated-src/javacc-timestamp</timestampDirectory>
              <packageName>org.apache.jackrabbit.core.query.lucene.fulltext</packageName>
            </configuration>
            <goals>
              <goal>jjtree</goal>
            </goals>
          </execution>
          <execution>
            <id>fulltext-javacc</id>
            <configuration>
              <sourceDirectory>${project.build.directory}/generated-src/main/java/org/apache/jackrabbit/core/query/lucene/fulltext</sourceDirectory>
              <outputDirectory>${project.build.directory}/generated-src/main/java</outputDirectory>
              <timestampDirectory>${project.build.directory}/generated-src/javacc-timestamp</timestampDirectory>
              <packageName>org.apache.jackrabbit.core.query.lucene.fulltext</packageName>
            </configuration>
            <goals>
              <goal>javacc</goal>
            </goals>
          </execution>
          <execution>
            <id>sql-jjtree</id>
            <configuration>
              <sourceDirectory>${basedir}/src/main/javacc/sql</sourceDirectory>
              <outputDirectory>${project.build.directory}/generated-src/main/java/org/apache/jackrabbit/core/query/sql</outputDirectory>
              <timestampDirectory>${project.build.directory}/generated-src/javacc-timestamp</timestampDirectory>
              <packageName>org.apache.jackrabbit.core.query.sql</packageName>
            </configuration>
            <goals>
              <goal>jjtree</goal>
            </goals>
          </execution>
          <execution>
            <id>sql-javacc</id>
            <configuration>
              <sourceDirectory>${project.build.directory}/generated-src/main/java/org/apache/jackrabbit/core/query/sql</sourceDirectory>
              <outputDirectory>${project.build.directory}/generated-src/main/java</outputDirectory>
              <timestampDirectory>${project.build.directory}/generated-src/javacc-timestamp</timestampDirectory>
              <packageName>org.apache.jackrabbit.core.query.sql</packageName>
            </configuration>
            <goals>
              <goal>javacc</goal>
            </goals>
          </execution>
          <execution>
            <id>xpath-jjtree</id>
            <configuration>
              <sourceDirectory>${basedir}/src/main/javacc/xpath</sourceDirectory>
              <outputDirectory>${project.build.directory}/generated-src/main/java/org/apache/jackrabbit/core/query/xpath</outputDirectory>
              <timestampDirectory>${project.build.directory}/generated-src/javacc-timestamp</timestampDirectory>
              <packageName>org.apache.jackrabbit.core.query.xpath</packageName>
            </configuration>
            <goals>
              <goal>jjtree</goal>
            </goals>
          </execution>
          <execution>
            <id>xpath-javacc</id>
            <configuration>
              <sourceDirectory>${project.build.directory}/generated-src/main/java/org/apache/jackrabbit/core/query/xpath</sourceDirectory>
              <outputDirectory>${project.build.directory}/generated-src/main/java</outputDirectory>
              <timestampDirectory>${project.build.directory}/generated-src/javacc-timestamp</timestampDirectory>
              <packageName>org.apache.jackrabbit.core.query.xpath</packageName>
            </configuration>
            <goals>
              <goal>javacc</goal>
            </goals>
          </execution>
        </executions>
        <dependencies>
          <dependency>
            <groupId>net.java.dev.javacc</groupId>
            <artifactId>javacc</artifactId>
            <version>3.2</version>
          </dependency>
        </dependencies>
      </plugin>
      <plugin>
        <artifactId>maven-surefire-plugin</artifactId>
        <configuration>
          <includes>
            <include>**/*TestAll.java</include>
          </includes>
          <argLine>-Xmx128m</argLine>
          <systemProperties>
            <property>
              <name>derby.system.durability</name>
              <value>test</value>
            </property>
            <property>
              <name>derby.storage.fileSyncTransactionLog</name>
              <value>true</value>
            </property>
            <property>
              <name>derby.stream.error.file</name>
              <value>target/derby.log</value>
            </property>
            <property>
              <name>known.issues</name>
              <value>
                org.apache.jackrabbit.core.xml.DocumentViewTest#testMultiValue
                org.apache.jackrabbit.value.BinaryValueTest#testBinaryValueEquals
                org.apache.jackrabbit.test.api.version.MergeNonVersionableSubNodeTest
                org.apache.jackrabbit.test.api.version.RestoreTest
              </value>
            </property>
          </systemProperties>
        </configuration>
        <executions>
          <execution>
            <id>do_init</id>
            <phase>pre-integration-test</phase>
            <configuration>
              <includes>
                <include>**/integration/PrepareTestRepository.java</include>
              </includes>
            </configuration>
            <goals>
              <goal>test</goal>
            </goals>
          </execution>
          <execution>
            <id>do_test</id>
            <phase>integration-test</phase>
            <configuration>
              <includes>
                <include>**/integration/*Test.java</include>
              </includes>
            </configuration>
            <goals>
              <goal>test</goal>
            </goals>
          </execution>
        </executions>
      </plugin>
    </plugins>
    <resources>
      <resource>
        <directory>src/main/resources</directory>
      </resource>
      <resource>
        <directory>src/main/resources-filtered</directory>
        <filtering>true</filtering>
      </resource>
    </resources>
  </build>

  <dependencies>
    <dependency>
      <groupId>concurrent</groupId>
      <artifactId>concurrent</artifactId>
    </dependency>
    <dependency>
      <groupId>commons-collections</groupId>
      <artifactId>commons-collections</artifactId>
    </dependency>
    <dependency>
      <groupId>javax.jcr</groupId>
      <artifactId>jcr</artifactId>
    </dependency>
    <dependency>
      <groupId>org.apache.jackrabbit</groupId>
      <artifactId>jackrabbit-api</artifactId>
    </dependency>
    <dependency>
      <groupId>org.apache.jackrabbit</groupId>
      <artifactId>jackrabbit-jcr-commons</artifactId>
    </dependency>
    <dependency>
      <groupId>org.apache.jackrabbit</groupId>
      <artifactId>jackrabbit-spi-commons</artifactId>
    </dependency>
    <dependency>
      <groupId>org.apache.jackrabbit</groupId>
      <artifactId>jackrabbit-spi</artifactId>
    </dependency>
    <dependency>
      <groupId>org.apache.jackrabbit</groupId>
      <artifactId>jackrabbit-text-extractors</artifactId>
    </dependency>
    <dependency>
      <groupId>org.slf4j</groupId>
      <artifactId>slf4j-api</artifactId>
    </dependency>
    <dependency>
      <groupId>org.apache.lucene</groupId>
      <artifactId>lucene-core</artifactId>
    </dependency>
    <dependency>
      <groupId>org.apache.derby</groupId>
      <artifactId>derby</artifactId>
    </dependency>
    <dependency>
      <groupId>junit</groupId>
      <artifactId>junit</artifactId>
      <scope>test</scope>
    </dependency>
    <dependency>
      <groupId>org.apache.jackrabbit</groupId>
      <artifactId>jackrabbit-jcr-tests</artifactId>
      <scope>test</scope>
    </dependency>
    <dependency>
      <groupId>org.slf4j</groupId>
      <artifactId>slf4j-log4j12</artifactId>
      <scope>test</scope>
    </dependency>
    <dependency>
      <groupId>org.apache.geronimo.specs</groupId>
      <artifactId>geronimo-jta_1.0.1B_spec</artifactId>
      <scope>test</scope>
    </dependency>
  </dependencies>

</project>
