<?xml version="1.0" encoding="UTF-8"?>
<!--
  Licensed under the Apache License, Version 2.0 (the "License");
  you may not use this file except in compliance with the License.
  You may obtain a copy of the License at

       http://www.apache.org/licenses/LICENSE-2.0

  Unless required by applicable law or agreed to in writing, software
  distributed under the License is distributed on an "AS IS" BASIS,
  WITHOUT WARRANTIES OR CONDITIONS OF ANY KIND, either express or implied.
  See the License for the specific language governing permissions and
  limitations under the License.
-->
<project xmlns="http://maven.apache.org/POM/4.0.0" xmlns:xsi="http://www.w3.org/2001/XMLSchema-instance" xsi:schemaLocation="http://maven.apache.org/POM/4.0.0 http://maven.apache.org/maven-v4_0_0.xsd">

    <modelVersion>4.0.0</modelVersion>

    <parent>
        <groupId>org.syncope</groupId>
        <artifactId>syncope</artifactId>
        <version>0.7</version>
    </parent>

    <name>Syncope archetype</name>
    <description>Syncope archetype</description>
    <groupId>org.syncope</groupId>
    <artifactId>syncope-archetype</artifactId>
    <version>0.7.1</version>
    <packaging>maven-archetype</packaging>

    <properties>
      <SVNRepoURL>http://syncope.googlecode.com/svn/branches/0_7_X</SVNRepoURL>
    </properties>

    <scm>
        <connection>scm:svn:http://syncope.googlecode.com/svn/tags/syncope-archetype-0.7.1</connection>
        <developerConnection>scm:svn:https://syncope.googlecode.com/svn/tags/syncope-archetype-0.7.1</developerConnection>
        <url>http://syncope.googlecode.com/svn/tags/syncope-archetype-0.7.1</url>
    </scm>

    <build>
        <extensions>
            <extension>
                <groupId>org.apache.maven.archetype</groupId>
                <artifactId>archetype-packaging</artifactId>
                <version>2.2</version>
            </extension>
        </extensions>

        <pluginManagement>
            <plugins>
                <plugin>
                    <artifactId>maven-archetype-plugin</artifactId>
                    <version>2.2</version>
                    <extensions>true</extensions>
                </plugin>
            </plugins>
        </pluginManagement>
        
        <plugins>
            <plugin>
                <groupId>org.apache.maven.plugins</groupId>
                <artifactId>maven-antrun-plugin</artifactId>
                <inherited>true</inherited>
                <executions>
                    <execution>
                        <id>setupResources</id>
                        <phase>validate</phase>
                        <configuration>
                            <target>
			        <taskdef resource="net/sf/antcontrib/antcontrib.properties" classpathref="maven.plugin.classpath" />
                                <if>
				    <available file="${basedir}/../core/pom.xml" />
                                    <then>
				      <copy file="${basedir}/../core/src/test/resources/persistence.properties" todir="${basedir}/src/main/resources/archetype-resources/core/src/test/resources" overwrite="true" />
				      <copy file="${basedir}/../core/src/test/resources/workflow.properties" todir="${basedir}/src/main/resources/archetype-resources/core/src/test/resources" overwrite="true" />
				      <copy file="${basedir}/../core/src/test/resources/content.xml" todir="${basedir}/src/main/resources/archetype-resources/core/src/test/resources" overwrite="true" />
				      <copy file="${basedir}/../core/src/test/resources/test.csv" todir="${basedir}/src/main/resources/archetype-resources/core/src/test/resources" overwrite="true" />
                                      
				      <copy file="${basedir}/../core/src/main/resources/persistence.properties" todir="${basedir}/src/main/resources/archetype-resources/core/src/main/resources" overwrite="true" />
				      <copy file="${basedir}/../core/src/main/resources/workflow.properties" todir="${basedir}/src/main/resources/archetype-resources/core/src/main/resources" overwrite="true" />
				      <copy file="${basedir}/../core/src/main/resources/content.xml" todir="${basedir}/src/main/resources/archetype-resources/core/src/main/resources" overwrite="true" />
				      <copy file="${basedir}/../core/src/main/resources/logback.xml" todir="${basedir}/src/main/resources/archetype-resources/core/src/main/resources" overwrite="true" />
				      <copy file="${basedir}/../core/src/main/webapp/WEB-INF/web.xml" todir="${basedir}/src/main/resources/archetype-resources/core/src/main/webapp/WEB-INF" overwrite="true" />
                                      
				      <copy file="${basedir}/../console/src/main/resources/configuration.properties" todir="${basedir}/src/main/resources/archetype-resources/console/src/main/resources" overwrite="true" />
				      <copy file="${basedir}/../console/src/main/resources/logback.xml" todir="${basedir}/src/main/resources/archetype-resources/console/src/main/resources" overwrite="true" />
                                    </then>
                                    <else>
				      <get src="${SVNRepoURL}/core/src/test/resources/persistence.properties" dest="${basedir}/src/main/resources/archetype-resources/core/src/test/resources/persistence.properties" />
				      <get src="${SVNRepoURL}/core/src/test/resources/workflow.properties" dest="${basedir}/src/main/resources/archetype-resources/core/src/test/resources/workflow.properties" />
				      <get src="${SVNRepoURL}/core/src/test/resources/content.xml" dest="${basedir}/src/main/resources/archetype-resources/core/src/test/resources/content.xml" />
				      <get src="${SVNRepoURL}/core/src/test/resources/test.csv" dest="${basedir}/src/main/resources/archetype-resources/core/src/test/resources/test.csv" />
                                      
				      <get src="${SVNRepoURL}/core/src/main/resources/persistence.properties" dest="${basedir}/src/main/resources/archetype-resources/core/src/main/resources/persistence.properties" />
				      <get src="${SVNRepoURL}/core/src/main/resources/workflow.properties" dest="${basedir}/src/main/resources/archetype-resources/core/src/main/resources/workflow.properties" />
				      <get src="${SVNRepoURL}/core/src/main/resources/content.xml" dest="${basedir}/src/main/resources/archetype-resources/core/src/main/resources/content.xml" />
				      <get src="${SVNRepoURL}/core/src/main/resources/logback.xml" dest="${basedir}/src/main/resources/archetype-resources/core/src/main/resources/logback.xml" />
				      <get src="${SVNRepoURL}/core/src/main/webapp/WEB-INF/web.xml" dest="${basedir}/src/main/resources/archetype-resources/core/src/main/webapp/WEB-INF/web.xml" />
                                      
				      <get src="${SVNRepoURL}/console/src/main/resources/configuration.properties" dest="${basedir}/src/main/resources/archetype-resources/console/src/main/resources/configuration.properties" />
				      <get src="${SVNRepoURL}/console/src/main/resources/logback.xml" dest="${basedir}/src/main/resources/archetype-resources/console/src/main/resources/logback.xml" />
                                    </else>
				  </if>
				</target>    
			</configuration>
                        <goals>
                            <goal>run</goal>
                        </goals>
                    </execution>
                </executions>
		<dependencies>
		  <dependency>
		    <groupId>ant-contrib</groupId>
		    <artifactId>ant-contrib</artifactId>
		    <version>20020829</version>
		  </dependency>
		</dependencies>
            </plugin>    
        </plugins>
    </build>

    <reporting>
        <plugins>
            <plugin>
                <groupId>org.apache.maven.plugins</groupId>
                <artifactId>maven-checkstyle-plugin</artifactId>
                <version>2.8</version>
                <configuration>
                    <configLocation>org/syncope/checkstyle.xml</configLocation>
                    <targetJdk>${targetJdk}</targetJdk>
                </configuration>
            </plugin>
            <plugin>
                <groupId>org.apache.maven.plugins</groupId>
                <artifactId>maven-pmd-plugin</artifactId>
                <version>2.6</version>
                <configuration>
                    <rulesets>
                        <ruleset>org/syncope/pmd.xml</ruleset>
                    </rulesets>
                    <targetJdk>${targetJdk}</targetJdk>
                </configuration>
            </plugin>
            <plugin>
                <groupId>org.apache.maven.plugins</groupId>
                <artifactId>maven-jxr-plugin</artifactId>
                <version>2.3</version>
            </plugin>
        </plugins>
    </reporting>
</project>
